"","YEAR","DATE_","SITE","LATITUDE.x","LONGITUDE.x","MAX_DEPTH_M.x","SURVEYAREA","COL_COUNT","YEAR.y","LATITUDE.y","LONGITUDE.y","MAX_DEPTH_M.y","DATE_formatted","DATE","month","DENSITY","removed_count","min_size","max_size","adjusted_colony_count","adjusted_density"
"1",2015,"3/3/2015 0:00:00","TUT-01525",-14.25476,-170.5589,12.80098,10,0,"2015",-14.25476,-170.5589,12.80098,"03/03/2015",2015-03-03,3,0,NA,NA,NA,0,0
"2",2015,"3/3/2015 0:00:00","TUT-01551",-14.24987,-170.5623,15.54404,10,4,"2015",-14.24987,-170.5623,15.54404,"03/03/2015",2015-03-03,3,0.4,NA,NA,NA,4,0.4
"3",2015,"3/29/2015 0:00:00","TUT-01708",-14.2941,-170.5621,11.88662,10,0,"2015",-14.2941,-170.5621,11.88662,"03/29/2015",2015-03-29,3,0,NA,NA,NA,0,0
"4",2015,"2/28/2015 0:00:00","TUT-01715",-14.29025,-170.5505,12.80098,10,1,"2015",-14.29025,-170.5505,12.80098,"02/28/2015",2015-02-28,2,0.1,NA,NA,NA,1,0.1
"5",2015,"2/28/2015 0:00:00","TUT-01783",-14.28062,-170.5449,14.62969,9,0,"2015",-14.28062,-170.5449,14.62969,"02/28/2015",2015-02-28,2,0,NA,NA,NA,0,0
"6",2015,"3/28/2015 0:00:00","TUT-01784",-14.28081,-170.5461,12.19141,10,0,"2015",-14.28081,-170.5461,12.19141,"03/28/2015",2015-03-28,3,0,NA,NA,NA,0,0
"7",2015,"3/29/2015 0:00:00","TUT-01785",-14.27784,-170.545,17.37275,10,10,"2015",-14.27784,-170.545,17.37275,"03/29/2015",2015-03-29,3,1,NA,NA,NA,10,1
"8",2015,"3/28/2015 0:00:00","TUT-01795",-14.27577,-170.5465,17.67754,10,7,"2015",-14.27577,-170.5465,17.67754,"03/28/2015",2015-03-28,3,0.7,NA,NA,NA,7,0.7
"9",2015,"3/7/2015 0:00:00","TUT-01854",-14.31619,-170.6503,15.54404,10,0,"2015",-14.31619,-170.6503,15.54404,"03/07/2015",2015-03-07,3,0,NA,NA,NA,0,0
"10",2015,"3/29/2015 0:00:00","TUT-01855",-14.28335,-170.5627,14.02012,10,1,"2015",-14.28335,-170.5627,14.02012,"03/29/2015",2015-03-29,3,0.1,NA,NA,NA,1,0.1
"11",2015,"3/2/2015 0:00:00","TUT-01858",-14.28371,-170.6284,15.84883,10,2,"2015",-14.28371,-170.6284,15.84883,"03/02/2015",2015-03-02,3,0.2,NA,NA,NA,2,0.2
"12",2015,"3/2/2015 0:00:00","TUT-01871",-14.28818,-170.6412,23.16367,10,0,"2015",-14.28818,-170.6412,23.16367,"03/02/2015",2015-03-02,3,0,NA,NA,NA,0,0
"13",2015,"3/29/2015 0:00:00","TUT-01872",-14.2862,-170.6001,15.54404,10,18,"2015",-14.2862,-170.6001,15.54404,"03/29/2015",2015-03-29,3,1.8,NA,NA,NA,18,1.8
"14",2015,"3/30/2015 0:00:00","TUT-01878",-14.29355,-170.6533,17.06797,15,1,"2015",-14.29355,-170.6533,17.06797,"03/30/2015",2015-03-30,3,0.0666666666666667,NA,NA,NA,1,0.0666666666666667
"15",2015,"3/7/2015 0:00:00","TUT-01887",-14.32246,-170.6692,12.80098,10,0,"2015",-14.32246,-170.6692,12.80098,"03/07/2015",2015-03-07,3,0,NA,NA,NA,0,0
"16",2015,"3/2/2015 0:00:00","TUT-01913",-14.27307,-170.5708,11.27705,8.5,1,"2015",-14.27307,-170.5708,11.27705,"03/02/2015",2015-03-02,3,0.117647058823529,NA,NA,NA,1,0.117647058823529
"17",2015,"3/27/2015 0:00:00","TUT-01962",-14.36487,-170.7433,16.76318,10,3,"2015",-14.36487,-170.7433,16.76318,"03/27/2015",2015-03-27,3,0.3,NA,NA,NA,3,0.3
"18",2015,"3/5/2015 0:00:00","TUT-01966",-14.36815,-170.7539,16.4584,10,0,"2015",-14.36815,-170.7539,16.4584,"03/05/2015",2015-03-05,3,0,NA,NA,NA,0,0
"19",2015,"2/17/2015 0:00:00","TUT-02005",-14.36332,-170.7676,16.76318,10,0,"2015",-14.36332,-170.7676,16.76318,"02/17/2015",2015-02-17,2,0,NA,NA,NA,0,0
"20",2015,"2/17/2015 0:00:00","TUT-02006",-14.3694,-170.7621,14.02012,17,0,"2015",-14.3694,-170.7621,14.02012,"02/17/2015",2015-02-17,2,0,NA,NA,NA,0,0
"21",2015,"3/27/2015 0:00:00","TUT-02014",-14.36251,-170.7658,14.62969,10,2,"2015",-14.36251,-170.7658,14.62969,"03/27/2015",2015-03-27,3,0.2,NA,NA,NA,2,0.2
"22",2015,"2/17/2015 0:00:00","TUT-02016",-14.36541,-170.763,14.93447,17.05,0,"2015",-14.36541,-170.763,14.93447,"02/17/2015",2015-02-17,2,0,NA,NA,NA,0,0
"23",2015,"3/5/2015 0:00:00","TUT-02065",-14.33988,-170.7909,15.84883,12.5,0,"2015",-14.33988,-170.7909,15.84883,"03/05/2015",2015-03-05,3,0,NA,NA,NA,0,0
"24",2015,"2/26/2015 0:00:00","TUT-02070",-14.34219,-170.7195,14.93447,10,0,"2015",-14.34219,-170.7195,14.93447,"02/26/2015",2015-02-26,2,0,NA,NA,NA,0,0
"25",2015,"3/12/2015 0:00:00","TUT-02079",-14.30393,-170.6878,13.41055,19.5,0,"2015",-14.30393,-170.6878,13.41055,"03/12/2015",2015-03-12,3,0,NA,NA,NA,0,0
"26",2015,"3/12/2015 0:00:00","TUT-02085",-14.33314,-170.6986,14.02012,10,0,"2015",-14.33314,-170.6986,14.02012,"03/12/2015",2015-03-12,3,0,NA,NA,NA,0,0
"27",2015,"3/6/2015 0:00:00","TUT-02086",-14.3546,-170.7873,14.62969,10,3,"2015",-14.3546,-170.7873,14.62969,"03/06/2015",2015-03-06,3,0.3,NA,NA,NA,3,0.3
"28",2015,"3/12/2015 0:00:00","TUT-02094",-14.31646,-170.6937,15.23926,10,0,"2015",-14.31646,-170.6937,15.23926,"03/12/2015",2015-03-12,3,0,NA,NA,NA,0,0
"29",2015,"3/12/2015 0:00:00","TUT-02110",-14.33733,-170.7074,14.62969,10,0,"2015",-14.33733,-170.7074,14.62969,"03/12/2015",2015-03-12,3,0,NA,NA,NA,0,0
"30",2015,"11/9/2015 0:00:00","TUT-02208",-14.28836,-170.6777,11.58183,10,0,"2015",-14.28836,-170.6777,11.58183,"11/09/2015",2015-11-09,11,0,NA,NA,NA,0,0
"31",2015,"11/9/2015 0:00:00","TUT-02209",-14.28733,-170.675,13.71533,10,0,"2015",-14.28733,-170.675,13.71533,"11/09/2015",2015-11-09,11,0,NA,NA,NA,0,0
"32",2015,"11/11/2015 0:00:00","TUT-02210",-14.28921,-170.6767,14.3249,10,0,"2015",-14.28921,-170.6767,14.3249,"11/11/2015",2015-11-11,11,0,NA,NA,NA,0,0
"33",2015,"11/10/2015 0:00:00","TUT-02211",-14.28991,-170.6742,13.41055,10,0,"2015",-14.28991,-170.6742,13.41055,"11/10/2015",2015-11-10,11,0,NA,NA,NA,0,0
"34",2015,"10/29/2015 0:00:00","TUT-02218",-14.2937,-170.6749,14.02012,10,0,"2015",-14.2937,-170.6749,14.02012,"10/29/2015",2015-10-29,10,0,NA,NA,NA,0,0
"35",2015,"10/29/2015 0:00:00","TUT-02219",-14.29043,-170.6766,13.71533,8.75,0,"2015",-14.29043,-170.6766,13.71533,"10/29/2015",2015-10-29,10,0,NA,NA,NA,0,0
"36",2018,"7/18/2018 0:00:00","TUT-02808",-14.2965,-170.5661,14.02012,10,0,"2018",-14.2965,-170.5661,14.02012,"07/18/2018",2018-07-18,7,0,NA,NA,NA,0,0
"37",2018,"7/18/2018 0:00:00","TUT-02812",-14.29502,-170.5582,14.62969,10,0,"2018",-14.29502,-170.5582,14.62969,"07/18/2018",2018-07-18,7,0,NA,NA,NA,0,0
"38",2018,"7/6/2018 0:00:00","TUT-02854",-14.36535,-170.7525,14.02012,10,0,"2018",-14.36535,-170.7525,14.02012,"07/06/2018",2018-07-06,7,0,NA,NA,NA,0,0
"39",2018,"7/6/2018 0:00:00","TUT-02855",-14.36011,-170.7493,13.71533,10,0,"2018",-14.36011,-170.7493,13.71533,"07/06/2018",2018-07-06,7,0,NA,NA,NA,0,0
"40",2018,"7/4/2018 0:00:00","TUT-02871",-14.36512,-170.7635,15.54404,10,0,"2018",-14.36512,-170.7635,15.54404,"07/04/2018",2018-07-04,7,0,NA,NA,NA,0,0
"41",2018,"7/4/2018 0:00:00","TUT-02874",-14.36191,-170.7648,14.02012,10,0,"2018",-14.36191,-170.7648,14.02012,"07/04/2018",2018-07-04,7,0,NA,NA,NA,0,0
"42",2018,"7/17/2018 0:00:00","TUT-03020",-14.33662,-170.8041,13.71533,10,37,"2018",-14.33662,-170.8041,13.71533,"07/17/2018",2018-07-17,7,3.7,NA,NA,NA,37,3.7
"43",2018,"7/17/2018 0:00:00","TUT-03021",-14.34374,-170.7891,16.15361,10,7,"2018",-14.34374,-170.7891,16.15361,"07/17/2018",2018-07-17,7,0.7,NA,NA,NA,7,0.7
"44",2018,"7/5/2018 0:00:00","TUT-05004",-14.28096,-170.5615,14.62969,10,0,"2018",-14.28096,-170.5615,14.62969,"07/05/2018",2018-07-05,7,0,NA,NA,NA,0,0
"45",2018,"7/5/2018 0:00:00","TUT-05005",-14.27683,-170.5576,13.71533,10,0,"2018",-14.27683,-170.5576,13.71533,"07/05/2018",2018-07-05,7,0,NA,NA,NA,0,0
"46",2023,"4/17/2023 11:28:01","TUT-05743",-14.27975,-170.6196,14.93447,10,1,"2023",-14.27975,-170.6196,14.93447,"04/17/2023",2023-04-17,4,0.1,NA,NA,NA,1,0.1
"47",2023,"4/18/2023 10:40:38","TUT-05788",-14.36115,-170.7483,13.10576,10,0,"2023",-14.36115,-170.7483,13.10576,"04/18/2023",2023-04-18,4,0,NA,NA,NA,0,0
"48",2023,"4/18/2023 12:44:32","TUT-05795",-14.36406,-170.7618,7.924413,10,18,"2023",-14.36406,-170.7618,7.924413,"04/18/2023",2023-04-18,4,1.8,NA,NA,NA,18,1.8
"49",2023,"4/18/2023 11:22:17","TUT-05797",-14.36562,-170.7629,11.88662,10,0,"2023",-14.36562,-170.7629,11.88662,"04/18/2023",2023-04-18,4,0,NA,NA,NA,0,0
"50",2023,"4/20/2023 11:33:12","TUT-05804",-14.30062,-170.5733,17.67754,7.5,0,"2023",-14.30062,-170.5733,17.67754,"04/20/2023",2023-04-20,4,0,NA,NA,NA,0,0
"51",2023,"4/20/2023 12:02:01","TUT-05810",-14.27945,-170.5477,11.58183,10,0,"2023",-14.27945,-170.5477,11.58183,"04/20/2023",2023-04-20,4,0,NA,NA,NA,0,0
"52",2023,"4/20/2023 13:42:01","TUT-05811",-14.27716,-170.5486,10.36269,10,0,"2023",-14.27716,-170.5486,10.36269,"04/20/2023",2023-04-20,4,0,NA,NA,NA,0,0
"53",2023,"4/12/2023 11:15:02","TUT-05839",-14.33713,-170.7069,14.02012,10,0,"2023",-14.33713,-170.7069,14.02012,"04/12/2023",2023-04-12,4,0,NA,NA,NA,0,0
"54",2023,"4/19/2023 12:36:15","TUT-05840",-14.35379,-170.7301,15.23926,10,0,"2023",-14.35379,-170.7301,15.23926,"04/19/2023",2023-04-19,4,0,NA,NA,NA,0,0
"55",2023,"4/19/2023 13:49:37","TUT-05842",-14.34839,-170.7258,11.27705,10,0,"2023",-14.34839,-170.7258,11.27705,"04/19/2023",2023-04-19,4,0,NA,NA,NA,0,0
"56",2023,"4/19/2023 10:59:13","TUT-05847",-14.3589,-170.7342,14.62969,15,0,"2023",-14.3589,-170.7342,14.62969,"04/19/2023",2023-04-19,4,0,NA,NA,NA,0,0
"57",2023,"4/17/2023 13:48:23","TUT-05853",-14.28321,-170.6246,12.19141,10,7,"2023",-14.28321,-170.6246,12.19141,"04/17/2023",2023-04-17,4,0.7,NA,NA,NA,7,0.7
"58",2023,"4/19/2023 9:11:41","TUT-05858",-14.34884,-170.723,16.76318,10,0,"2023",-14.34884,-170.723,16.76318,"04/19/2023",2023-04-19,4,0,NA,NA,NA,0,0
"59",2023,"4/12/2023 14:03:10","TUT-05860",-14.32705,-170.6944,10.36269,10,0,"2023",-14.32705,-170.6944,10.36269,"04/12/2023",2023-04-12,4,0,NA,NA,NA,0,0
"60",2023,"4/12/2023 12:38:39","TUT-05861",-14.30811,-170.6913,12.19141,10,0,"2023",-14.30811,-170.6913,12.19141,"04/12/2023",2023-04-12,4,0,NA,NA,NA,0,0
"61",2023,"4/12/2023 11:14:16","TUT-05862",-14.34212,-170.7196,12.80098,10,0,"2023",-14.34212,-170.7196,12.80098,"04/12/2023",2023-04-12,4,0,NA,NA,NA,0,0
"62",2023,"4/17/2023 12:07:33","TUT-05863",-14.28309,-170.607,12.80098,10,64,"2023",-14.28309,-170.607,12.80098,"04/17/2023",2023-04-17,4,6.4,NA,NA,NA,64,6.4
"63",2023,"4/12/2023 13:03:58","TUT-05864",-14.33746,-170.7125,9.448339,10,1,"2023",-14.33746,-170.7125,9.448339,"04/12/2023",2023-04-12,4,0.1,NA,NA,NA,1,0.1
"64",2023,"4/12/2023 14:15:22","TUT-05865",-14.30053,-170.675,10.36269,10,1,"2023",-14.30053,-170.675,10.36269,"04/12/2023",2023-04-12,4,0.1,NA,NA,NA,1,0.1
"65",2023,"4/8/2023 11:06:28","TUT-05876",-14.33024,-170.8126,10.66748,10,69,"2023",-14.33024,-170.8126,10.66748,"04/08/2023",2023-04-08,4,6.9,NA,NA,NA,69,6.9
"66",2023,"4/8/2023 13:34:34","TUT-05878",-14.33439,-170.8186,13.41055,10,5,"2023",-14.33439,-170.8186,13.41055,"04/08/2023",2023-04-08,4,0.5,NA,NA,NA,5,0.5
"67",2023,"4/8/2023 11:47:58","TUT-05884",-14.3359,-170.8031,13.41055,10,7,"2023",-14.3359,-170.8031,13.41055,"04/08/2023",2023-04-08,4,0.7,NA,NA,NA,7,0.7
"68",2023,"4/20/2023 13:59:30","TUT-05909",-14.28077,-170.545,14.02012,10,0,"2023",-14.28077,-170.545,14.02012,"04/20/2023",2023-04-20,4,0,NA,NA,NA,0,0
"69",2023,"4/19/2023 9:34:39","TUT-05935",-14.36427,-170.7383,15.23926,10,0,"2023",-14.36427,-170.7383,15.23926,"04/19/2023",2023-04-19,4,0,NA,NA,NA,0,0
"70",2023,"4/20/2023 14:49:15","TUT-05968",-14.2827,-170.545,13.10576,10,0,"2023",-14.2827,-170.545,13.10576,"04/20/2023",2023-04-20,4,0,NA,NA,NA,0,0
"71",2023,"4/19/2023 14:04:47","TUT-05975",-14.33703,-170.7108,9.753124,7.5,2,"2023",-14.33703,-170.7108,9.753124,"04/19/2023",2023-04-19,4,0.266666666666667,NA,NA,NA,2,0.266666666666667
"72",2023,"4/19/2023 10:36:17","TUT-05982",-14.3448,-170.7192,12.80098,12.5,0,"2023",-14.3448,-170.7192,12.80098,"04/19/2023",2023-04-19,4,0,NA,NA,NA,0,0
"73",2023,"4/19/2023 12:36:07","TUT-05990",-14.33876,-170.7172,13.71533,12.5,0,"2023",-14.33876,-170.7172,13.71533,"04/19/2023",2023-04-19,4,0,NA,NA,NA,0,0
"74",2023,"7/27/2023 10:36:13","TUT-05425",-14.36252,-170.7659,0,10,4,"2023",-14.36252,-170.7659,0,"07/27/2023",2023-07-27,7,0.4,NA,NA,NA,4,0.4
"75",2025,"","TUT-214",-14.28309,-170.607,14.3256,180,498,NA,NA,NA,NA,"3/12/2025",2025-03-12,3,2.76666666666667,1,140,140,497,2.76111111111111
"76",2025,"","TUT-171",-14.332425,-170.824373,14.6304,180,207,NA,NA,NA,NA,"3/13/2025",2025-03-13,3,1.15,10,117.5,170,197,1.09444444444444
"77",2025,"","TUT-216",-14.329052,-170.831801,14.0208,180,89,NA,NA,NA,NA,"3/14/2025",2025-03-14,3,0.494444444444444,NA,NA,NA,89,0.494444444444444
"78",2025,"","TUT-083",-14.332102,-170.697197,14.3256,180,0,NA,NA,NA,NA,"3/15/2025",2025-03-15,3,0,NA,NA,NA,0,0
"79",2025,"","TUT-126",-14.336157,-170.796416,13.716,180,89,NA,NA,NA,NA,"3/15/2025",2025-03-15,3,0.494444444444444,NA,NA,NA,89,0.494444444444444
"80",2025,"","TUT-139",-14.352648,-170.787165,11.8872,180,56,NA,NA,NA,NA,"3/15/2025",2025-03-15,3,0.311111111111111,NA,NA,NA,56,0.311111111111111
"81",2025,"","TUT-086",-14.27703,-170.611737,15.5448,180,4,NA,NA,NA,NA,"3/18/2025",2025-03-18,3,0.0222222222222222,NA,NA,NA,4,0.0222222222222222
"82",2025,"","TUT-157",-14.274192,-170.619785,15.5448,180,19,NA,NA,NA,NA,"3/18/2025",2025-03-18,3,0.105555555555556,NA,NA,NA,19,0.105555555555556
"83",2025,"","TUT-219",-14.28823,-170.639848,14.0208,180,16,NA,NA,NA,NA,"3/18/2025",2025-03-18,3,0.0888888888888889,NA,NA,NA,16,0.0888888888888889
"84",2025,"","TUT-220",-14.300247,-170.681886,12.8016,180,13,NA,NA,NA,NA,"3/18/2025",2025-03-18,3,0.0722222222222222,NA,NA,NA,13,0.0722222222222222
"85",2025,"","TUT-221",-14.362476,-170.746348,13.716,180,0,NA,NA,NA,NA,"3/19/2025",2025-03-19,3,0,NA,NA,NA,0,0
"86",2025,"","TUT-222",-14.363787,-170.772574,15.24,180,412,NA,NA,NA,NA,"3/19/2025",2025-03-19,3,2.28888888888889,NA,NA,NA,412,2.28888888888889
"87",2025,"","TUT-223",-14.35909,-170.785248,12.4968,180,274,NA,NA,NA,NA,"3/19/2025",2025-03-19,3,1.52222222222222,1,125,125,273,1.51666666666667
"88",2025,"","TUT-098",-14.314128,-170.652116,16.1544,180,3,NA,NA,NA,NA,"3/21/2025",2025-03-21,3,0.0166666666666667,NA,NA,NA,3,0.0166666666666667
"89",2025,"","TUT-077",-14.304935,-170.596438,17.3736,180,0,NA,NA,NA,NA,"3/22/2025",2025-03-22,3,0,NA,NA,NA,0,0
